Name,Meaning in English,Source Name,Gender,Source
Acachollohuatl,Unkown,Nahuatl Dictionary,male,https://nahuatl.uoregon.edu/node/202310
Acachollohuatzin,Orthographic Variant of Acachollohuatl,Nahuatl Dictionary,male,https://nahuatl.uoregon.edu/node/202310
Acacitli,Reed hare,Wikipedia,male,https://en.wikipedia.org/wiki/Acacitli
Acalan,Canoe,Baby Names,male,https://www.momjunction.com/baby-names/aztec/boy/
Acamapichtli,Handful of Reed Arrows,Nahuatl Dictionary,male,https://nahuatl.uoregon.edu/content/acamapichtli
Acatl,Reed,Nahuatl Dictionary,male,https://nahuatl.uoregon.edu/content/acatl
Acatliacapanecatl,Name or title of a high judge ,Nahuatl Dictionary,male,https://nahuatl.uoregon.edu/content/acatliacapanecatl
Acatlo,Unknown,Blog,male,https://nahuatlstudies.blogspot.com/2014/11/nahuatl-names-nahuatl-names-in-1544.html
Acaxoch,Maybe reed and flower combined,Nahuatl Dictionary,female,https://nahuatl.uoregon.edu/content/acaxoch
Achitomecatl,Unknown,Nahuatl Dictionary,male,https://nahuatl.uoregon.edu/content/achitomecatl
Achitometl,Unknown,Wikipedia,male,https://en.wikipedia.org/wiki/Acolmiztli_(Coatl_Ichan)
Acmachquichiuh,who didn’t do anything? / Who in Heaven's Name Did It? (Nickname),Blog,unknown,https://nahuatlstudies.blogspot.com/2014/11/nahuatl-names-nahuatl-names-in-1544.html
Acol,Shoulder,Blog,male,https://nahuatlstudies.blogspot.com/2014/11/nahuatl-names-nahuatl-names-in-1544.html
Acolmiztli,Arm of the Puma,Wikipedia,male,https://en.wikipedia.org/wiki/Acolmiztli_(Coatl_Ichan)
Acolnahuacatl,Deity of the Underworld,Nahuatl Dictionary,male,https://nahuatl.uoregon.edu/content/acolnahuacatl-tzacualcatl
Acoltzin,Unknown,Nahuatl Dictionary,male,https://nahuatl.uoregon.edu/content/acoltzin
Acopa,Upwards,Blog,male,https://nahuatlstudies.blogspot.com/2014/11/nahuatl-names-nahuatl-names-in-1544.html
Acotlehuac,Unknown,Nahuatl Dictionary,male,https://nahuatl.uoregon.edu/content/acotlehuac
Acuecucyoticihuati,"Aztec deity of water, rivers, seas, streams, storms, and baptism.",Baby Names,female,https://www.momjunction.com/baby-names/aztec/girl/
Acuixoc,,Nahuatl Dictionary,male,https://nahuatl.uoregon.edu/content/acuixoc
Acxocuauhtli,,Nahuatl Dictionary,male,https://nahuatl.uoregon.edu/content/acxocuauhtli
Acxocueitl,Unknown,Wikipedia,female,https://en.wikipedia.org/wiki/Acolmiztli_(Coatl_Ichan)
Acxocuetzin,,Nahuatl Dictionary,female,https://nahuatl.uoregon.edu/content/acxocuetzin
Acxomolciul,"the name of a deity linked to the merchant's deity, Yacateuctli; Seler said that this was another name for Tezcatlipoca",Nahuatl Dictionary,unkown,https://nahuatl.uoregon.edu/content/acxomolciul
Acxotecatl,,Nahuatl Dictionary,male,https://nahuatl.uoregon.edu/content/acxotecatl
Ahuachpahin,,Nahuatl Dictionary,male,https://nahuatl.uoregon.edu/content/ahuachpahin
Ahuachpitzactzin,,Nahuatl Dictionary,male,https://nahuatl.uoregon.edu/content/ahuachpitzactzin
Ahuatl,"an oak, a thorn",Nahuatl Dictionary,male,https://nahuatl.uoregon.edu/content/ahuatl-0
Ahuatzi,Small oak,Baby Names,male,https://www.momjunction.com/baby-names/aztec/boy/
Ahuelittoc,,Nahuatl Dictionary,male,https://nahuatl.uoregon.edu/content/ahuelittoc
Ahuilizatl,,Nahuatl Dictionary,unkown,https://nahuatl.uoregon.edu/content/ahuilizatl
Ahuitzotl,Water dog (legendary creature),Wikipedia,male,https://en.wikipedia.org/wiki/List_of_Tenochtitlan_rulers
Amiztlato,Unknown,Blog,male,https://nahuatlstudies.blogspot.com/2014/11/nahuatl-names-nahuatl-names-in-1544.html
Amoxtli,Book,Baby Names,female,https://www.momjunction.com/baby-names/aztec/girl/
Anacaona,Golden flower,Baby Names,female,https://www.momjunction.com/baby-names/aztec/girl/
Anahuaca,Person from Anahuac (the Mexico basin),Blog,male,https://nahuatlstudies.blogspot.com/2014/11/nahuatl-names-nahuatl-names-in-1544.html
Apozanolotl,Name of the Aztec goddess of purity,Baby Names,female,https://www.momjunction.com/baby-names/aztec/girl/
Aquahuitl,water tree,Blog,male,https://nahuatlstudies.blogspot.com/2014/11/nahuatl-names-nahuatl-names-in-1544.html
Atlacamani,The Aztec goddess of storms,Baby Names,female,https://www.momjunction.com/baby-names/aztec/girl/
Atlacoya,Name of Aztec goddess of drought.,Baby Names,female,https://www.momjunction.com/baby-names/aztec/girl/
Atlatonin,Name of Aztec mother-goddess.,Baby Names,female,https://www.momjunction.com/baby-names/aztec/girl/
Atototzin,,Wikipedia,female,https://en.wikipedia.org/wiki/Acolmiztli_(Coatl_Ichan)
Atzi,Rain,Baby Names,female,https://www.momjunction.com/baby-names/aztec/girl/
Axayacatl,"Son of Tezozomoc, a son of Itzcoatl.",Wikipedia,male,https://en.wikipedia.org/wiki/List_of_Tenochtitlan_rulers
Axolin,Variant of Axolotl (Salamander),Blog,male,https://nahuatlstudies.blogspot.com/2014/11/nahuatl-names-nahuatl-names-in-1544.html
Ayauhcihuatl,,Wikipedia,female,https://en.wikipedia.org/wiki/Huitzilihuitl
Ayauhteotl,Name of Aztec goddess of the haze and mist,Baby Names,female,https://www.momjunction.com/baby-names/aztec/girl/
Cacamacihuatl,,Wikipedia,female,https://en.wikipedia.org/wiki/Huitzilihuitl
Cacamatzin,,Wikipedia,male,https://en.wikipedia.org/wiki/List_of_Tetzcoco_rulers
Caltecatl,house dweller,Blog,male,https://nahuatlstudies.blogspot.com/2014/11/nahuatl-names-nahuatl-names-in-1544.html
Cecetzin,Son of Huanitzin. Installed by the Spanish colonial authorities.,Wikipedia,male,https://en.wikipedia.org/wiki/List_of_Tenochtitlan_rulers
Cecihuatl,one woman,Blog,female,https://nahuatlstudies.blogspot.com/2014/11/nahuatl-names-nahuatl-names-in-1544.html
Cecuiztli,cold,Blog,male,https://nahuatlstudies.blogspot.com/2014/11/nahuatl-names-nahuatl-names-in-1544.html
Centehua,owner of one (stone),Blog,female,https://nahuatlstudies.blogspot.com/2014/11/nahuatl-names-nahuatl-names-in-1544.html
Chalchihuitlcue,She of the robe of green jewels,Baby Names,female,https://www.momjunction.com/baby-names/aztec/girl/
Chalchiuh,greenstone,Blog,male,https://nahuatlstudies.blogspot.com/2014/11/nahuatl-names-nahuatl-names-in-1544.html
Chalmecacihuilt,Name of Aztec goddess of the underworld.,Baby Names,female,https://www.momjunction.com/baby-names/aztec/girl/
Chalmecatl,person from chalman (chalma),Blog,male,https://nahuatlstudies.blogspot.com/2014/11/nahuatl-names-nahuatl-names-in-1544.html
Chantico,She who dwells in the house,Baby Names,female,https://www.momjunction.com/baby-names/aztec/girl/
Chapopo,tar,Blog,unisex,https://nahuatlstudies.blogspot.com/2014/11/nahuatl-names-nahuatl-names-in-1544.html
Chatl,,Blog,male,https://nahuatlstudies.blogspot.com/2014/11/nahuatl-names-nahuatl-names-in-1544.html
Chichatlapal,,Blog,male,https://nahuatlstudies.blogspot.com/2014/11/nahuatl-names-nahuatl-names-in-1544.html
Chichiton,puppy,Blog,male,https://nahuatlstudies.blogspot.com/2014/11/nahuatl-names-nahuatl-names-in-1544.html
Chicomacatzin,,Wikipedia,male,https://en.wikipedia.org/wiki/Acolmiztli_(Coatl_Ichan)
Chicomecoatl,Seven snakes,Baby Names,female,https://www.momjunction.com/baby-names/aztec/girl/
Chiconahui,Name of Aztec hearth-goddess.,Baby Names,female,https://www.momjunction.com/baby-names/aztec/girl/
Chicotl,bumblebee,Blog,male,https://nahuatlstudies.blogspot.com/2014/11/nahuatl-names-nahuatl-names-in-1544.html
Chicueton,,Blog,unisex,https://nahuatlstudies.blogspot.com/2014/11/nahuatl-names-nahuatl-names-in-1544.html
Chimalley,Shield,Baby Names,male,https://www.momjunction.com/baby-names/aztec/boy/
Chimalli,Shield,Baby Names,male,https://www.momjunction.com/baby-names/aztec/boy/
Chimalma,Shield-bearer,Baby Names,female,https://www.momjunction.com/baby-names/aztec/girl/
Chimalpahin,Runs Swiftly with a Shield,Wikipedia,male,https://en.wikipedia.org/wiki/Chimalpahin
Chimalpepech,mended shield,Blog,male,https://nahuatlstudies.blogspot.com/2014/11/nahuatl-names-nahuatl-names-in-1544.html
Chimalpopoca,Son of Huitzilihuitl.,Wikipedia,male,https://en.wikipedia.org/wiki/List_of_Tenochtitlan_rulers
Chipahua,Clean,Baby Names,female,https://www.momjunction.com/baby-names/aztec/girl/
Chiucnahuacatl,9 person,Blog,male,https://nahuatlstudies.blogspot.com/2014/11/nahuatl-names-nahuatl-names-in-1544.html
Chopinton,,Blog,female,https://nahuatlstudies.blogspot.com/2014/11/nahuatl-names-nahuatl-names-in-1544.html
Cihuacoatl,woman snake (a noble title),Blog,male,https://nahuatlstudies.blogspot.com/2014/11/nahuatl-names-nahuatl-names-in-1544.html
Cihuacocoxqui,sick woman,Blog,female,https://nahuatlstudies.blogspot.com/2014/11/nahuatl-names-nahuatl-names-in-1544.html
Cihuacuitlapil,"women's tail, probably a nickname for a young child",Blog,unisex,https://nahuatlstudies.blogspot.com/2014/11/nahuatl-names-nahuatl-names-in-1544.html
Cihuanen,female walker,Blog,female,https://nahuatlstudies.blogspot.com/2014/11/nahuatl-names-nahuatl-names-in-1544.html
Cihuapan,on top of women,Blog,male,https://nahuatlstudies.blogspot.com/2014/11/nahuatl-names-nahuatl-names-in-1544.html
Cihuatecpanecatl,person from the women's palace,Blog,male,https://nahuatlstudies.blogspot.com/2014/11/nahuatl-names-nahuatl-names-in-1544.html
Cihuaton,little woman,Blog,female,https://nahuatlstudies.blogspot.com/2014/11/nahuatl-names-nahuatl-names-in-1544.html
Cipac caiman,maybe a daysign,Blog,unisex,https://nahuatlstudies.blogspot.com/2014/11/nahuatl-names-nahuatl-names-in-1544.html
Cipactonal,Production of the day,Baby Names,male,https://www.momjunction.com/baby-names/aztec/boy/
Citlalee,Star,Baby Names,male,https://www.momjunction.com/baby-names/aztec/boy/
Citlalic,Rising star,Baby Names,female,https://www.momjunction.com/baby-names/aztec/girl/
Citlalicue,Star garment,Baby Names,female,https://www.momjunction.com/baby-names/aztec/girl/
Coanacoch,,Wikipedia,male,https://en.wikipedia.org/wiki/List_of_Tetzcoco_rulers
Coatl,snake,Blog,male,https://nahuatlstudies.blogspot.com/2014/11/nahuatl-names-nahuatl-names-in-1544.html
Coaxoch,snake flower,Blog,female,https://nahuatlstudies.blogspot.com/2014/11/nahuatl-names-nahuatl-names-in-1544.html
Coazanac,,Wikipedia,male,https://en.wikipedia.org/wiki/Acolmiztli_(Coatl_Ichan)
Cochcanauh,sleeping duck,Blog,unisex,https://nahuatlstudies.blogspot.com/2014/11/nahuatl-names-nahuatl-names-in-1544.html
Cocoliloc,she is hated,Blog,female,https://nahuatlstudies.blogspot.com/2014/11/nahuatl-names-nahuatl-names-in-1544.html
Coxcox,,Wikipedia,male,https://en.wikipedia.org/wiki/Acolmiztli_(Coatl_Ichan)
Coyolton,little bell,Blog,male,https://nahuatlstudies.blogspot.com/2014/11/nahuatl-names-nahuatl-names-in-1544.html
Coyolxauhqui,Golden bells,Baby Names,female,https://www.momjunction.com/baby-names/aztec/girl/
Coyotl,coyote,Blog,male,https://nahuatlstudies.blogspot.com/2014/11/nahuatl-names-nahuatl-names-in-1544.html
Cozamalotl,Rainbow,Baby Names,female,https://www.momjunction.com/baby-names/aztec/girl/
Cozauh,weasel,Blog,male,https://nahuatlstudies.blogspot.com/2014/11/nahuatl-names-nahuatl-names-in-1544.html
Cozcamichiuhtecatl,fishnecklace person,Blog,female,https://nahuatlstudies.blogspot.com/2014/11/nahuatl-names-nahuatl-names-in-1544.html
Cuallea,Good,Baby Names,male,https://www.momjunction.com/baby-names/aztec/boy/
Cuallee,"Spelling variation of Cuallea, meaning good.",Baby Names,male,https://www.momjunction.com/baby-names/aztec/boy/
Cuatetzin,,Wikipedia,female,https://en.wikipedia.org/wiki/Acolmiztli_(Coatl_Ichan)
Cuauhcihuatzin,,Wikipedia,female,https://en.wikipedia.org/wiki/Acolmiztli_(Coatl_Ichan)
Cuauhtémoc,"Son of Ahuitzotl, allowed to retain his position as tlatoani by the Spaniards, baptized as Fernando Cuauhtémotzín.",Wikipedia,male,https://en.wikipedia.org/wiki/List_of_Tenochtitlan_rulers
Cuetzpallea,Aztec term for lizard,Baby Names,male,https://www.momjunction.com/baby-names/aztec/boy/
Cuetzpallee,An alternate spelling for Cuetzpallea. It means lizard.,Baby Names,male,https://www.momjunction.com/baby-names/aztec/boy/
Cuicatl,Song,Baby Names,female,https://www.momjunction.com/baby-names/aztec/girl/
Cuilol,,Blog,male,https://nahuatlstudies.blogspot.com/2014/11/nahuatl-names-nahuatl-names-in-1544.html
Cuima,,Blog,male,https://nahuatlstudies.blogspot.com/2014/11/nahuatl-names-nahuatl-names-in-1544.html
Cuitláhuac,Son of Ahuitzotl.,Wikipedia,male,https://en.wikipedia.org/wiki/List_of_Tenochtitlan_rulers
Ecatl,wind,Blog,male,https://nahuatlstudies.blogspot.com/2014/11/nahuatl-names-nahuatl-names-in-1544.html
Ecatlatoa,speaks like wind,Blog,unisex,https://nahuatlstudies.blogspot.com/2014/11/nahuatl-names-nahuatl-names-in-1544.html
Ecaton,little wind,Blog,male,https://nahuatlstudies.blogspot.com/2014/11/nahuatl-names-nahuatl-names-in-1544.html
Elotl,corn cob,Blog,male,https://nahuatlstudies.blogspot.com/2014/11/nahuatl-names-nahuatl-names-in-1544.html
Epcoatl,Name is known as a noble name,Blog,male,https://nahuatlstudies.blogspot.com/2014/11/nahuatl-names-nahuatl-names-in-1544.html
Etapalli,Wing,Baby Names,female,https://www.momjunction.com/baby-names/aztec/girl/
Eztli,Aztec name meaning Blood,Baby Names,unisex,https://www.momjunction.com/baby-names/aztec/boy/
Guatemoc,"Falling eagle or Descending eagle in Nahuatl. It has many variations, such as Cuathemoc,  Cuauhtemotzin or Guatimozin. ",Baby Names,male,https://www.momjunction.com/baby-names/aztec/boy/
Huanitzin,"Son of Tezozomoctli Acolnahuacatl, a son of Axayacatl. Installed by the Spanish colonial authorities.",Wikipedia,male,https://en.wikipedia.org/wiki/List_of_Tenochtitlan_rulers
Huecamecatl,,Blog,male,https://nahuatlstudies.blogspot.com/2014/11/nahuatl-names-nahuatl-names-in-1544.html
Huehue Zaca,,Wikipedia,female,https://en.wikipedia.org/wiki/Tezcatlan_Miyahuatzin
Huehuetecatl,person from the ancient place,Blog,male,https://nahuatlstudies.blogspot.com/2014/11/nahuatl-names-nahuatl-names-in-1544.html
Huehuetl,old one,Blog,male,https://nahuatlstudies.blogspot.com/2014/11/nahuatl-names-nahuatl-names-in-1544.html
Huelitl, Probably related to wēli “be able to” or wēlik “delicious”,Blog,male,https://nahuatlstudies.blogspot.com/2014/11/nahuatl-names-nahuatl-names-in-1544.html
Huetl,with the n and last i elided.,Blog,male,https://nahuatlstudies.blogspot.com/2014/11/nahuatl-names-nahuatl-names-in-1544.html
Huetzin,,Wikipedia,male,https://en.wikipedia.org/wiki/Acolmiztli_(Coatl_Ichan)
Huitzilihuitl,Son of Acamapichtli.,Wikipedia,male,https://en.wikipedia.org/wiki/List_of_Tenochtitlan_rulers
Huitzilin,Hummingbird,Baby Names,male,https://www.momjunction.com/baby-names/aztec/boy/
Huitziltemoc,s/he descended colibri-like,Blog,unisex,https://nahuatlstudies.blogspot.com/2014/11/nahuatl-names-nahuatl-names-in-1544.html
Huitznahuatl,person from the south,Blog,male,https://nahuatlstudies.blogspot.com/2014/11/nahuatl-names-nahuatl-names-in-1544.html
Huitznecahual,,Blog,unisex,https://nahuatlstudies.blogspot.com/2014/11/nahuatl-names-nahuatl-names-in-1544.html
Huixtocihuatl,Name of Aztec fertility goddess,Baby Names,female,https://www.momjunction.com/baby-names/aztec/girl/
Ichpochton,little daughter,Blog,female,https://nahuatlstudies.blogspot.com/2014/11/nahuatl-names-nahuatl-names-in-1544.html
Ichtacka,Secret,Baby Names,male,https://www.momjunction.com/baby-names/aztec/boy/
Ihhuitl,feather,Blog,male,https://nahuatlstudies.blogspot.com/2014/11/nahuatl-names-nahuatl-names-in-1544.html
Ilamatecuhtli,Name of Aztec fertility and death goddess.,Baby Names,female,https://www.momjunction.com/baby-names/aztec/girl/
Ilancueitl,"old-woman skirt, first queen of Tenochtitlan",Wikipedia,female,https://en.wikipedia.org/wiki/Ilancueitl
Ilcahualoc,he is forgotten,Blog,male,https://nahuatlstudies.blogspot.com/2014/11/nahuatl-names-nahuatl-names-in-1544.html
Ilhicamina,He who shoots arrows at the sky,Baby Names,male,https://www.momjunction.com/baby-names/aztec/boy/
Ilhuicacihuatl,sky woman,Blog,female,https://nahuatlstudies.blogspot.com/2014/11/nahuatl-names-nahuatl-names-in-1544.html
Itzcali,House of beauty,Baby Names,male,https://www.momjunction.com/baby-names/aztec/boy/
Itzcoatl,Obsidian serpent,Wikipedia,male,https://en.wikipedia.org/wiki/List_of_Tenochtitlan_rulers
Itzcotocatl,cut by obsidian,Blog,male,https://nahuatlstudies.blogspot.com/2014/11/nahuatl-names-nahuatl-names-in-1544.html
Itzli,Obsidian,Baby Names,male,https://www.momjunction.com/baby-names/aztec/boy/
Itzmalli,obsidian prisoner,Blog,male,https://nahuatlstudies.blogspot.com/2014/11/nahuatl-names-nahuatl-names-in-1544.html
Itzmiquiztli,sacrifice,Blog,male,https://nahuatlstudies.blogspot.com/2014/11/nahuatl-names-nahuatl-names-in-1544.html
Itzpapalotl,Obsidian butterfly,Baby Names,female,https://www.momjunction.com/baby-names/aztec/girl/
Itztli,Obsidian knife,Baby Names,male,https://www.momjunction.com/baby-names/aztec/boy/
Ixcuiname,Four faces or four sisters.,Baby Names,female,https://www.momjunction.com/baby-names/aztec/girl/
Ixpanton,,Blog,unisex,https://nahuatlstudies.blogspot.com/2014/11/nahuatl-names-nahuatl-names-in-1544.html
Ixtli,Face,Baby Names,female,https://www.momjunction.com/baby-names/aztec/girl/
Ixtlilxochitl,,Nahuatl Dictionary,male,https://nahuatl.uoregon.edu/content/alva-ixtlilxochitl
Ixtlilxochitl Ome Tochtli,,Wikipedia,male,https://en.wikipedia.org/wiki/List_of_Tetzcoco_rulers
Izcahuatl,,Blog,unisex,https://nahuatlstudies.blogspot.com/2014/11/nahuatl-names-nahuatl-names-in-1544.html
Maceuhqui,he deserved,Blog,male,https://nahuatlstudies.blogspot.com/2014/11/nahuatl-names-nahuatl-names-in-1544.html
Macuilhuehue,five old man,Blog,male,https://nahuatlstudies.blogspot.com/2014/11/nahuatl-names-nahuatl-names-in-1544.html
Malinalxochitl,,Wikipedia,female,https://en.wikipedia.org/wiki/Acolmiztli_(Coatl_Ichan)
Mamaz,little deer,Blog,male,https://nahuatlstudies.blogspot.com/2014/11/nahuatl-names-nahuatl-names-in-1544.html
Matlal,purple,Blog,unisex,https://nahuatlstudies.blogspot.com/2014/11/nahuatl-names-nahuatl-names-in-1544.html
Matlalaca,purple reed,Blog,unisex,https://nahuatlstudies.blogspot.com/2014/11/nahuatl-names-nahuatl-names-in-1544.html
Matlalihhuitl,purple feather,Blog,male,https://nahuatlstudies.blogspot.com/2014/11/nahuatl-names-nahuatl-names-in-1544.html
Matlalihuitl,Greenish-blue feather,Baby Names,male,https://www.momjunction.com/baby-names/aztec/boy/
Matzicoltzin,,Wikipedia,male,https://en.wikipedia.org/wiki/Acolmiztli_(Coatl_Ichan)
Mauhcaxochitl,scared flower,Blog,female,https://nahuatlstudies.blogspot.com/2014/11/nahuatl-names-nahuatl-names-in-1544.html
Maya,,Blog,unisex,https://nahuatlstudies.blogspot.com/2014/11/nahuatl-names-nahuatl-names-in-1544.html
Mecahuehue,,Blog,male,https://nahuatlstudies.blogspot.com/2014/11/nahuatl-names-nahuatl-names-in-1544.html
Memexoltzin,,Wikipedia,male,https://en.wikipedia.org/wiki/Acolmiztli_(Coatl_Ichan)
Metzaol,maguey scraping,Blog,unisex,https://nahuatlstudies.blogspot.com/2014/11/nahuatl-names-nahuatl-names-in-1544.html
Metztli,Goddess of night,Baby Names,female,https://www.momjunction.com/baby-names/aztec/girl/
Mexicatl,mexican (Person from Mexihko-Tenochtitlan),Blog,male,https://nahuatlstudies.blogspot.com/2014/11/nahuatl-names-nahuatl-names-in-1544.html
Miahuaxihuitl,,Wikipedia,female,https://en.wikipedia.org/wiki/Huitzilihuitl
Mictlantecuhtli,Lord of Mictlan,Baby Names,male,https://www.momjunction.com/baby-names/aztec/boy/
Milli,cornfield,Blog,male,https://nahuatlstudies.blogspot.com/2014/11/nahuatl-names-nahuatl-names-in-1544.html
Mimich,little fish,Blog,male,https://nahuatlstudies.blogspot.com/2014/11/nahuatl-names-nahuatl-names-in-1544.html
Miquiz,"death, maybe a day-sign, probably male",Blog,unisex,https://nahuatlstudies.blogspot.com/2014/11/nahuatl-names-nahuatl-names-in-1544.html
Mito,,Blog,male,https://nahuatlstudies.blogspot.com/2014/11/nahuatl-names-nahuatl-names-in-1544.html
Mixcoatl,cloud serpent (Name of a deity),Blog,male,https://nahuatlstudies.blogspot.com/2014/11/nahuatl-names-nahuatl-names-in-1544.html
Mixcoatlailotlac,clearly includes the name of the deity mixcoatl,Blog,male,https://nahuatlstudies.blogspot.com/2014/11/nahuatl-names-nahuatl-names-in-1544.html
Miyahuaxochtzin,,Wikipedia,female,https://en.wikipedia.org/wiki/Huitzilihuitl
Miyaoaxochitl,Maize tassel flower,Baby Names,female,https://www.momjunction.com/baby-names/aztec/girl/
Mizquixaual,Mesquite face paint,Baby Names,female,https://www.momjunction.com/baby-names/aztec/girl/
Mizyaotl,cat enemy,Blog,male,https://nahuatlstudies.blogspot.com/2014/11/nahuatl-names-nahuatl-names-in-1544.html
Mocauhqui,herself behind,Blog,unisex,https://nahuatlstudies.blogspot.com/2014/11/nahuatl-names-nahuatl-names-in-1544.html
Mocel,she is alone,Blog,female,https://nahuatlstudies.blogspot.com/2014/11/nahuatl-names-nahuatl-names-in-1544.html
Moctezuma,Son of Huitzilihuitl.,Wikipedia,male,https://en.wikipedia.org/wiki/List_of_Tenochtitlan_rulers
Molotecatl,person from molotlan,Blog,male,https://nahuatlstudies.blogspot.com/2014/11/nahuatl-names-nahuatl-names-in-1544.html
Molotl,,Blog,male,https://nahuatlstudies.blogspot.com/2014/11/nahuatl-names-nahuatl-names-in-1544.html
Montezuma,The archer Lord in an angry state. The last ruler of Aztec,Baby Names,male,https://www.momjunction.com/baby-names/aztec/boy/
Motolinia,he torments himself,Blog,male,https://nahuatlstudies.blogspot.com/2014/11/nahuatl-names-nahuatl-names-in-1544.html
Mozocomatzin,,Wikipedia,male,https://en.wikipedia.org/wiki/Acolmiztli_(Coatl_Ichan)
Nacxitl,"This word is of unkown meaning, but probably contains the word ikxitl foot",Blog,male,https://nahuatlstudies.blogspot.com/2014/11/nahuatl-names-nahuatl-names-in-1544.html
Nahualquizqui,he came out of sorcery,Blog,unisex,https://nahuatlstudies.blogspot.com/2014/11/nahuatl-names-nahuatl-names-in-1544.html
Nahuatl,clear sound,Blog,female,https://nahuatlstudies.blogspot.com/2014/11/nahuatl-names-nahuatl-names-in-1544.html
Namiton	 ,"little spouse, probably a nickname for a child",Blog,unisex,https://nahuatlstudies.blogspot.com/2014/11/nahuatl-names-nahuatl-names-in-1544.html
Nanacacipactzin,"Son of Acamapichtli, a son of Ahuitzotl. Installed by the Spanish colonial authorities. Last tlatoani and last hereditary ruler of Tenochtitlan.",Wikipedia,male,https://en.wikipedia.org/wiki/List_of_Tenochtitlan_rulers
Nauhyotl,fourth,Blog,male,https://nahuatlstudies.blogspot.com/2014/11/nahuatl-names-nahuatl-names-in-1544.html
Necahual,"someone who has parted, survivor",Blog,female,https://nahuatlstudies.blogspot.com/2014/11/nahuatl-names-nahuatl-names-in-1544.html
Nencahuitl,time in vain,Blog,male,https://nahuatlstudies.blogspot.com/2014/11/nahuatl-names-nahuatl-names-in-1544.html
Nenetl,Doll,Baby Names,female,https://www.momjunction.com/baby-names/aztec/girl/
Nenetzin,,Wikipedia,female,https://en.wikipedia.org/wiki/Acolmiztli_(Coatl_Ichan)
Nequametl,juicy maguey,Blog,male,https://nahuatlstudies.blogspot.com/2014/11/nahuatl-names-nahuatl-names-in-1544.html
Netzahualcoyotl,Hungry coyote,Baby Names,male,https://www.momjunction.com/baby-names/aztec/boy/
Nezahualcoyotl Acolmiztli,,Wikipedia,male,https://en.wikipedia.org/wiki/List_of_Tetzcoco_rulers
Nezahualpilli,,Wikipedia,male,https://en.wikipedia.org/wiki/List_of_Tetzcoco_rulers
Nochehuatl,Constant,Baby Names,male,https://www.momjunction.com/baby-names/aztec/boy/
Nochhuetl,Seems to be related to nochtli cactus fig,Blog,male,https://nahuatlstudies.blogspot.com/2014/11/nahuatl-names-nahuatl-names-in-1544.html
Nochtli,Prickly pear fruit,Baby Names,female,https://www.momjunction.com/baby-names/aztec/girl/
Nopaltzin,,Wikipedia,male,https://en.wikipedia.org/wiki/Acolmiztli_(Coatl_Ichan)
Ocotlan,Pine,Baby Names,male,https://www.momjunction.com/baby-names/aztec/boy/
Ocoxochi,pine flower,Blog,female,https://nahuatlstudies.blogspot.com/2014/11/nahuatl-names-nahuatl-names-in-1544.html
Ohtli,A person who is a champion. Also refereed to the son of Neil.,Baby Names,unisex,https://www.momjunction.com/baby-names/aztec/girl/
Ollacatl,rubber man,Blog,male,https://nahuatlstudies.blogspot.com/2014/11/nahuatl-names-nahuatl-names-in-1544.html
Olopatzicatl,olotl is the hard core of the corn cob,Blog,male,https://nahuatlstudies.blogspot.com/2014/11/nahuatl-names-nahuatl-names-in-1544.html
Omacatl,,Blog,male,https://nahuatlstudies.blogspot.com/2014/11/nahuatl-names-nahuatl-names-in-1544.html
Ozoma,monkey,Blog,unisex,https://nahuatlstudies.blogspot.com/2014/11/nahuatl-names-nahuatl-names-in-1544.html
Pachxochitzin,,Wikipedia,female,https://en.wikipedia.org/wiki/Acolmiztli_(Coatl_Ichan)
Pacoatl,medicine snake,Blog,male,https://nahuatlstudies.blogspot.com/2014/11/nahuatl-names-nahuatl-names-in-1544.html
Pancoz,yellow banner,Blog,unisex,https://nahuatlstudies.blogspot.com/2014/11/nahuatl-names-nahuatl-names-in-1544.html
Pantli	,banner,Blog,male,https://nahuatlstudies.blogspot.com/2014/11/nahuatl-names-nahuatl-names-in-1544.html
Papanton,little banner,Blog,female,https://nahuatlstudies.blogspot.com/2014/11/nahuatl-names-nahuatl-names-in-1544.html
Patlea,Medicine,Baby Names,male,https://www.momjunction.com/baby-names/aztec/boy/
Patlee,Medicine,Baby Names,male,https://www.momjunction.com/baby-names/aztec/boy/
Patli,Medicine,Baby Names,female,https://www.momjunction.com/baby-names/aztec/girl/
Pihuiyol,,Blog,male,https://nahuatlstudies.blogspot.com/2014/11/nahuatl-names-nahuatl-names-in-1544.html
Popocatl,smoke person,Blog,male,https://nahuatlstudies.blogspot.com/2014/11/nahuatl-names-nahuatl-names-in-1544.html
Poton,he stinks (interpreted as abbreviation of potonqui),Blog,male,https://nahuatlstudies.blogspot.com/2014/11/nahuatl-names-nahuatl-names-in-1544.html
Pozon,boiled one,Blog,male,https://nahuatlstudies.blogspot.com/2014/11/nahuatl-names-nahuatl-names-in-1544.html
Quahuitl,tree,Blog,male,https://nahuatlstudies.blogspot.com/2014/11/nahuatl-names-nahuatl-names-in-1544.html
Qualchamitl,,Blog,unisex,https://nahuatlstudies.blogspot.com/2014/11/nahuatl-names-nahuatl-names-in-1544.html
Quaquauh,horn,Blog,male,https://nahuatlstudies.blogspot.com/2014/11/nahuatl-names-nahuatl-names-in-1544.html
Quauhquimichin,,Blog,unisex,https://nahuatlstudies.blogspot.com/2014/11/nahuatl-names-nahuatl-names-in-1544.html
Quauhtemoc,he descended eagle-like,Blog,male,https://nahuatlstudies.blogspot.com/2014/11/nahuatl-names-nahuatl-names-in-1544.html
Quauhtlapochin,,Blog,male,https://nahuatlstudies.blogspot.com/2014/11/nahuatl-names-nahuatl-names-in-1544.html
Quauhtlehuanitzin,Rising Eagle,Wikipedia,male,https://en.wikipedia.org/wiki/Chimalpahin
Quauhtli,eagle maybe a day-sign name,Blog,male,https://nahuatlstudies.blogspot.com/2014/11/nahuatl-names-nahuatl-names-in-1544.html
Quauhtliztac,white eagle,Blog,male,https://nahuatlstudies.blogspot.com/2014/11/nahuatl-names-nahuatl-names-in-1544.html
Quecholtecpantzin,,Wikipedia,male,https://en.wikipedia.org/wiki/Acolmiztli_(Coatl_Ichan)
Quenmachoc,,Blog,male,https://nahuatlstudies.blogspot.com/2014/11/nahuatl-names-nahuatl-names-in-1544.html
Quennel,like truth,Blog,male,https://nahuatlstudies.blogspot.com/2014/11/nahuatl-names-nahuatl-names-in-1544.html
Quetzal,precious plume,Blog,male,https://nahuatlstudies.blogspot.com/2014/11/nahuatl-names-nahuatl-names-in-1544.html
Quetzalli,A large beautiful feather,Baby Names,female,https://www.momjunction.com/baby-names/aztec/girl/
Quiachton,,Blog,male,https://nahuatlstudies.blogspot.com/2014/11/nahuatl-names-nahuatl-names-in-1544.html
Quiauh,"rain, maybe a day-sign name, probably male",Blog,unisex,https://nahuatlstudies.blogspot.com/2014/11/nahuatl-names-nahuatl-names-in-1544.html
Quiauhtzin,,Wikipedia,male,https://en.wikipedia.org/wiki/Acolmiztli_(Coatl_Ichan)
Tayanna,Aztec name meaning suray,Baby Names,female,https://www.momjunction.com/baby-names/aztec/girl/
Tecapan,,Blog,female,https://nahuatlstudies.blogspot.com/2014/11/nahuatl-names-nahuatl-names-in-1544.html
Techotlalatzin,,Wikipedia,male,https://en.wikipedia.org/wiki/List_of_Tetzcoco_rulers
Tecocoa,he hurts people,Blog,male,https://nahuatlstudies.blogspot.com/2014/11/nahuatl-names-nahuatl-names-in-1544.html
Tecocol,someone's anger,Blog,male,https://nahuatlstudies.blogspot.com/2014/11/nahuatl-names-nahuatl-names-in-1544.html
Tecocoltzin,,Wikipedia,male,https://en.wikipedia.org/wiki/List_of_Tetzcoco_rulers
Tecolotl,owl,Blog,unisex,https://nahuatlstudies.blogspot.com/2014/11/nahuatl-names-nahuatl-names-in-1544.html
Tecuizolli,,Blog,unisex,https://nahuatlstudies.blogspot.com/2014/11/nahuatl-names-nahuatl-names-in-1544.html
Tehuetzquititzin,"Son of Tezcatl Popocatzin, a son of Tizoc. Installed by the Spanish colonial authorities.",Wikipedia,male,https://en.wikipedia.org/wiki/List_of_Tenochtitlan_rulers
Teichpoch,someone's daughter,Blog,female,https://nahuatlstudies.blogspot.com/2014/11/nahuatl-names-nahuatl-names-in-1544.html
Teicuh,someone's sister,Blog,female,https://nahuatlstudies.blogspot.com/2014/11/nahuatl-names-nahuatl-names-in-1544.html
Teicuhton,little older sister,Blog,female,https://nahuatlstudies.blogspot.com/2014/11/nahuatl-names-nahuatl-names-in-1544.html
Teicuih,Younger sister,Baby Names,female,https://www.momjunction.com/baby-names/aztec/girl/
Teiuc,Second-born,Baby Names,female,https://www.momjunction.com/baby-names/aztec/girl/
Telpoch,young man,Blog,male,https://nahuatlstudies.blogspot.com/2014/11/nahuatl-names-nahuatl-names-in-1544.html
Tematl,,Blog,male,https://nahuatlstudies.blogspot.com/2014/11/nahuatl-names-nahuatl-names-in-1544.html
Tematlalehua,she bruises people,Blog,female,https://nahuatlstudies.blogspot.com/2014/11/nahuatl-names-nahuatl-names-in-1544.html
Temilo,passive form,Blog,male,https://nahuatlstudies.blogspot.com/2014/11/nahuatl-names-nahuatl-names-in-1544.html
Temoc,,Blog,unisex,https://nahuatlstudies.blogspot.com/2014/11/nahuatl-names-nahuatl-names-in-1544.html
Tenahuac,close to someone,Blog,male,https://nahuatlstudies.blogspot.com/2014/11/nahuatl-names-nahuatl-names-in-1544.html
Tenan,I think this is most likely an abbreviation of tenamitl fortification,Blog,male,https://nahuatlstudies.blogspot.com/2014/11/nahuatl-names-nahuatl-names-in-1544.html
Tenicahuehue,,Blog,male,https://nahuatlstudies.blogspot.com/2014/11/nahuatl-names-nahuatl-names-in-1544.html
Tenoch,stone cactus,Blog,male,https://nahuatlstudies.blogspot.com/2014/11/nahuatl-names-nahuatl-names-in-1544.html
Tepeyacan,mountain leader,Blog,male,https://nahuatlstudies.blogspot.com/2014/11/nahuatl-names-nahuatl-names-in-1544.html
Tepi,tiny,Blog,female,https://nahuatlstudies.blogspot.com/2014/11/nahuatl-names-nahuatl-names-in-1544.html
Tepiton,little one,Blog,unisex,https://nahuatlstudies.blogspot.com/2014/11/nahuatl-names-nahuatl-names-in-1544.html
Tequitl,Work,Blog,male,https://nahuatlstudies.blogspot.com/2014/11/nahuatl-names-nahuatl-names-in-1544.html
Tetepon,short one,Blog,male,https://nahuatlstudies.blogspot.com/2014/11/nahuatl-names-nahuatl-names-in-1544.html
Tetlacatl,stone man',Blog,male,https://nahuatlstudies.blogspot.com/2014/11/nahuatl-names-nahuatl-names-in-1544.html
Tetzauh,surprise,Blog,male,https://nahuatlstudies.blogspot.com/2014/11/nahuatl-names-nahuatl-names-in-1544.html
Teuctlamacazqui,lord priest,Blog,male,https://nahuatlstudies.blogspot.com/2014/11/nahuatl-names-nahuatl-names-in-1544.html
Teuhcatl,dust person,Blog,male,https://nahuatlstudies.blogspot.com/2014/11/nahuatl-names-nahuatl-names-in-1544.html
Teyacapan,in front of someone,Blog,female,https://nahuatlstudies.blogspot.com/2014/11/nahuatl-names-nahuatl-names-in-1544.html
Teyauh,,Blog,female,https://nahuatlstudies.blogspot.com/2014/11/nahuatl-names-nahuatl-names-in-1544.html
Tezcacoacatl,mirror snake person,Blog,male,https://nahuatlstudies.blogspot.com/2014/11/nahuatl-names-nahuatl-names-in-1544.html
Tezcatlan Miyahuatzin,,Wikipedia,female,https://en.wikipedia.org/wiki/Tezcatlan_Miyahuatzin
Ticocnahuacatl,,Blog,male,https://nahuatlstudies.blogspot.com/2014/11/nahuatl-names-nahuatl-names-in-1544.html
Tizoc,"Son of Tezozomoc, a son of Itzcoatl.",Wikipedia,male,https://en.wikipedia.org/wiki/List_of_Tenochtitlan_rulers
Tlacatecpanecatl,Person from the palace,Blog,male,https://nahuatlstudies.blogspot.com/2014/11/nahuatl-names-nahuatl-names-in-1544.html
Tlacateotl,man-god,Blog,male,https://nahuatlstudies.blogspot.com/2014/11/nahuatl-names-nahuatl-names-in-1544.html
Tlachinolli,Fire,Baby Names,female,https://www.momjunction.com/baby-names/aztec/girl/
Tlaco,middle,Blog,female,https://nahuatlstudies.blogspot.com/2014/11/nahuatl-names-nahuatl-names-in-1544.html
Tlacoehua,sits up halfway,Blog,female,https://nahuatlstudies.blogspot.com/2014/11/nahuatl-names-nahuatl-names-in-1544.html
Tlacoton,little half,Blog,female,https://nahuatlstudies.blogspot.com/2014/11/nahuatl-names-nahuatl-names-in-1544.html
Tlacotzin,,Wikipedia,male,https://en.wikipedia.org/wiki/Acolmiztli_(Coatl_Ichan)
Tlacuiton,little taken thing if from tlacuitl something taken,Blog,male,https://nahuatlstudies.blogspot.com/2014/11/nahuatl-names-nahuatl-names-in-1544.html
Tlahtol,word,Blog,male,https://nahuatlstudies.blogspot.com/2014/11/nahuatl-names-nahuatl-names-in-1544.html
Tlahuizcal,rosy light of dawn,Blog,male,https://nahuatlstudies.blogspot.com/2014/11/nahuatl-names-nahuatl-names-in-1544.html
Tlailotlac,dirty one,Blog,male,https://nahuatlstudies.blogspot.com/2014/11/nahuatl-names-nahuatl-names-in-1544.html
Tlanextic,Light of dawn,Baby Names,male,https://www.momjunction.com/baby-names/aztec/boy/
Tlanextli,Radiance or splendor,Baby Names,male,https://www.momjunction.com/baby-names/aztec/boy/
Tlaocoyoa,is sad,Blog,unisex,https://nahuatlstudies.blogspot.com/2014/11/nahuatl-names-nahuatl-names-in-1544.html
Tlapayauh,it became dark,Blog,male,https://nahuatlstudies.blogspot.com/2014/11/nahuatl-names-nahuatl-names-in-1544.html
Tlapoca,he smokes,Blog,male,https://nahuatlstudies.blogspot.com/2014/11/nahuatl-names-nahuatl-names-in-1544.html
Tlatlazaloc,he has been thrown,Blog,male,https://nahuatlstudies.blogspot.com/2014/11/nahuatl-names-nahuatl-names-in-1544.html
Tlatonal,,Wikipedia,male,https://en.wikipedia.org/wiki/Acolmiztli_(Coatl_Ichan)
Tlazohtzin,Little necklace of flowers,Baby Names,female,https://www.momjunction.com/baby-names/aztec/girl/
Tlazozomizqui,,Wikipedia,female,https://en.wikipedia.org/wiki/Acolmiztli_(Coatl_Ichan)
Tlillanhuehue,old man from the ink place,Blog,male,https://nahuatlstudies.blogspot.com/2014/11/nahuatl-names-nahuatl-names-in-1544.html
Tlilli,black ink,Blog,male,https://nahuatlstudies.blogspot.com/2014/11/nahuatl-names-nahuatl-names-in-1544.html
Tlilpotonqui,he stinks black,Blog,male,https://nahuatlstudies.blogspot.com/2014/11/nahuatl-names-nahuatl-names-in-1544.html
Tlilquen,black garment,Blog,male,https://nahuatlstudies.blogspot.com/2014/11/nahuatl-names-nahuatl-names-in-1544.html
Tlohui,Buzzard If related to tlohtli Buzzard,Blog,male,https://nahuatlstudies.blogspot.com/2014/11/nahuatl-names-nahuatl-names-in-1544.html
Tlotzin,,Wikipedia,male,https://en.wikipedia.org/wiki/Acolmiztli_(Coatl_Ichan)
Tochhua,rabbit owner,Blog,male,https://nahuatlstudies.blogspot.com/2014/11/nahuatl-names-nahuatl-names-in-1544.html
Tochin,,Wikipedia,male,https://en.wikipedia.org/wiki/Acolmiztli_(Coatl_Ichan)
Tochtlea,Rabbit,Baby Names,male,https://www.momjunction.com/baby-names/aztec/boy/
Tochtlee,"Spelling variation of Tochtlea,  meaning rabbit. ",Baby Names,male,https://www.momjunction.com/baby-names/aztec/boy/
Tochtli,rabbit,Blog,male,https://nahuatlstudies.blogspot.com/2014/11/nahuatl-names-nahuatl-names-in-1544.html
Tohuacochin,,Blog,unisex,https://nahuatlstudies.blogspot.com/2014/11/nahuatl-names-nahuatl-names-in-1544.html
Tolnahuacatl,person from a place close to reeds,Blog,male,https://nahuatlstudies.blogspot.com/2014/11/nahuatl-names-nahuatl-names-in-1544.html
Toltecatl,An artist or a creative person,Baby Names,male,https://www.momjunction.com/baby-names/aztec/boy/
Tomiyauh,,Wikipedia,female,https://en.wikipedia.org/wiki/Acolmiztli_(Coatl_Ichan)
Tonal,day,Blog,male,https://nahuatlstudies.blogspot.com/2014/11/nahuatl-names-nahuatl-names-in-1544.html
Tonalnan,Mother of light,Baby Names,female,https://www.momjunction.com/baby-names/aztec/girl/
Tonantzin,Mother earth or the mother Goddess,Baby Names,female,https://www.momjunction.com/baby-names/aztec/girl/
Tonatiuh,Sunshine,Baby Names,male,https://www.momjunction.com/baby-names/aztec/boy/
Tonauac,The one who possesses light,Baby Names,male,https://www.momjunction.com/baby-names/aztec/boy/
Tonecocal,,Blog,male,https://nahuatlstudies.blogspot.com/2014/11/nahuatl-names-nahuatl-names-in-1544.html
Toqual,our good thing,Blog,male,https://nahuatlstudies.blogspot.com/2014/11/nahuatl-names-nahuatl-names-in-1544.html
Tototl,bird,Blog,male,https://nahuatlstudies.blogspot.com/2014/11/nahuatl-names-nahuatl-names-in-1544.html
Tozcuecuexcatl,,Blog,male,https://nahuatlstudies.blogspot.com/2014/11/nahuatl-names-nahuatl-names-in-1544.html
Tozi,Aztec goddess of healing and sweet water,Baby Names,female,https://www.momjunction.com/baby-names/aztec/girl/
Tozmacue,,Blog,male,https://nahuatlstudies.blogspot.com/2014/11/nahuatl-names-nahuatl-names-in-1544.html
Tozquetzin,,Wikipedia,female,https://en.wikipedia.org/wiki/Acolmiztli_(Coatl_Ichan)
Tupack,Warrior,Baby Names,male,https://www.momjunction.com/baby-names/aztec/boy/
Tupoc,Spelling variation of Tupack. It means warrior.,Baby Names,male,https://www.momjunction.com/baby-names/aztec/boy/
Tzacualcatl,Unknown,Nahuatl Dictionary,male,https://nahuatl.uoregon.edu/content/acolnahuacatl-tzacualcatl
Tziuhcoatl,,Blog,male,https://nahuatlstudies.blogspot.com/2014/11/nahuatl-names-nahuatl-names-in-1544.html
Tziuhtla,,Blog,unisex,https://nahuatlstudies.blogspot.com/2014/11/nahuatl-names-nahuatl-names-in-1544.html
Tzontecomatl,,Wikipedia,male,https://en.wikipedia.org/wiki/Acolmiztli_(Coatl_Ichan)
Ueman,Venerable time,Baby Names,male,https://www.momjunction.com/baby-names/aztec/boy/
Xelhuan,,Blog,male,https://nahuatlstudies.blogspot.com/2014/11/nahuatl-names-nahuatl-names-in-1544.html
Xicohtencatl,Angry bumblebee,Baby Names,male,https://www.momjunction.com/baby-names/aztec/boy/
Xihuitl,herb,Blog,unisex,https://nahuatlstudies.blogspot.com/2014/11/nahuatl-names-nahuatl-names-in-1544.html
Xilonen,Hairy one,Baby Names,female,https://www.momjunction.com/baby-names/aztec/girl/
Xilotl,young corncob,Blog,female,https://nahuatlstudies.blogspot.com/2014/11/nahuatl-names-nahuatl-names-in-1544.html
Xiloxoch,Calliandra,Baby Names,female,https://www.momjunction.com/baby-names/aztec/girl/
Xipil,"Noble One,  of Fire ",Baby Names,male,https://www.momjunction.com/baby-names/aztec/boy/
Xipilli,Jeweled prince,Baby Names,male,https://www.momjunction.com/baby-names/aztec/boy/
Xitllali,Goddess of the moon,Baby Names,female,https://www.momjunction.com/baby-names/aztec/girl/
Xiuhcoatl,Comet,Baby Names,female,https://www.momjunction.com/baby-names/aztec/girl/
Xiuhcozcatl,greenstone necklace,Blog,male,https://nahuatlstudies.blogspot.com/2014/11/nahuatl-names-nahuatl-names-in-1544.html
Xiuhquetzal,,Wikipedia,male,https://en.wikipedia.org/wiki/Acolmiztli_(Coatl_Ichan)
Xiuhtomiyauhtzin,,Wikipedia,female,https://en.wikipedia.org/wiki/Acolmiztli_(Coatl_Ichan)
Xiuhtonal,Precious light,Baby Names,female,https://www.momjunction.com/baby-names/aztec/girl/
Xiutecuhtli,Gentleman of the fire,Baby Names,male,https://www.momjunction.com/baby-names/aztec/boy/
Xochiatlapal,flower wing,Blog,female,https://nahuatlstudies.blogspot.com/2014/11/nahuatl-names-nahuatl-names-in-1544.html
Xochicotzin,Fire serpent,Baby Names,female,https://www.momjunction.com/baby-names/aztec/girl/
Xochihua,flower owner,Blog,male,https://nahuatlstudies.blogspot.com/2014/11/nahuatl-names-nahuatl-names-in-1544.html
Xochil,Flower,Baby Names,female,https://www.momjunction.com/baby-names/aztec/girl/
Xochilt,Orthographic variant of Xochil (flower),Baby Names,female,https://www.momjunction.com/baby-names/aztec/girl/
Xochinahual,flower sorcerer,Blog,male,https://nahuatlstudies.blogspot.com/2014/11/nahuatl-names-nahuatl-names-in-1544.html
Xochipilli,God of love and flowers,Baby Names,male,https://www.momjunction.com/baby-names/aztec/boy/
Xochiquen,flower garment,Blog,male,https://nahuatlstudies.blogspot.com/2014/11/nahuatl-names-nahuatl-names-in-1544.html
Xochiquetzal,Most beautiful flower,Baby Names,female,https://www.momjunction.com/baby-names/aztec/girl/
Xochiteotl,flower god,Blog,male,https://nahuatlstudies.blogspot.com/2014/11/nahuatl-names-nahuatl-names-in-1544.html
Xochitl,Flower,Blog,unisex,https://nahuatlstudies.blogspot.com/2014/11/nahuatl-names-nahuatl-names-in-1544.html
Xochiyotl,Heart of a gentle flower,Baby Names,female,https://www.momjunction.com/baby-names/aztec/girl/
Xoco,Youngest sister,Baby Names,female,https://www.momjunction.com/baby-names/aztec/girl/
Xocotzin,Youngest daughter,Baby Names,female,https://www.momjunction.com/baby-names/aztec/girl/
Xocoyotl,Youngest sibling,Blog,female,https://nahuatlstudies.blogspot.com/2014/11/nahuatl-names-nahuatl-names-in-1544.html
Xolotecatl,person from Xolotlan,Blog,male,https://nahuatlstudies.blogspot.com/2014/11/nahuatl-names-nahuatl-names-in-1544.html
Xolotl,Precious twin,Baby Names,male,https://www.momjunction.com/baby-names/aztec/boy/
Yaonemitl,enemy arrow,Blog,male,https://nahuatlstudies.blogspot.com/2014/11/nahuatl-names-nahuatl-names-in-1544.html
Yaotel,Rival,Baby Names,male,https://www.momjunction.com/baby-names/aztec/boy/
Yaotl,"Warrior, Rival",Wikipedia,male,https://en.wikipedia.org/wiki/Acolmiztli_(Coatl_Ichan)
Yaotlachinol,destruction of war,Blog,unisex,https://nahuatlstudies.blogspot.com/2014/11/nahuatl-names-nahuatl-names-in-1544.html
Yaotlapantzin,,Nahuatl Dictionary,male,https://nahuatl.uoregon.edu/content/aguilar-yaotlapantzin
Yaotlhuehue,old enemy,Blog,male,https://nahuatlstudies.blogspot.com/2014/11/nahuatl-names-nahuatl-names-in-1544.html
Yaotyl,Orthographic variant of Yaotel (Rival),Baby Names,male,https://www.momjunction.com/baby-names/aztec/boy/
Yaoxochitl,enemy flower (a name for marigold),Blog,female,https://nahuatlstudies.blogspot.com/2014/11/nahuatl-names-nahuatl-names-in-1544.html
Yaquica,he goes to war,Blog,male,https://nahuatlstudies.blogspot.com/2014/11/nahuatl-names-nahuatl-names-in-1544.html
Yaquin,,Blog,male,https://nahuatlstudies.blogspot.com/2014/11/nahuatl-names-nahuatl-names-in-1544.html
Yaretzi,You will always be loved,Baby Names,female,https://www.momjunction.com/baby-names/aztec/girl/
Yecatlahua,,Blog,unisex,https://nahuatlstudies.blogspot.com/2014/11/nahuatl-names-nahuatl-names-in-1544.html
Yolihuani,Source of life,Baby Names,female,https://www.momjunction.com/baby-names/aztec/girl/
Yolotli,Heart,Baby Names,male,https://www.momjunction.com/baby-names/aztec/boy/
Yoloxochitl,Flower of the heart,Baby Names,female,https://www.momjunction.com/baby-names/aztec/girl/
Yolyamanitzin,He who is considerate and just,Baby Names,male,https://www.momjunction.com/baby-names/aztec/boy/
Yopicatl,Me'phaa person,Blog,male,https://nahuatlstudies.blogspot.com/2014/11/nahuatl-names-nahuatl-names-in-1544.html
Zacahuehue,old grass man,Blog,male,https://nahuatlstudies.blogspot.com/2014/11/nahuatl-names-nahuatl-names-in-1544.html
Zeltzin,Delicate,Baby Names,female,https://www.momjunction.com/baby-names/aztec/girl/
Zipactonal,Harmonic light,Baby Names,male,https://www.momjunction.com/baby-names/aztec/boy/
Zolin,quail,Blog,male,https://nahuatlstudies.blogspot.com/2014/11/nahuatl-names-nahuatl-names-in-1544.html
Zuma,Lord Frowns In Anger,Baby Names,male,https://www.momjunction.com/baby-names/aztec/boy/
Zyanya,"Forever, always",Baby Names,female,https://www.momjunction.com/baby-names/aztec/girl/
